,content
0,"{""lat"":27.835702227135588,""lng"":112.9504641807647,""count"":1},"
1,"{""lat"":32.99656220465144,""lng"":112.53450131351325,""count"":1},"
2,"{""lat"":26.89957613918912,""lng"":112.57844721325992,""count"":1},"
3,"{""lat"":27.703208596991587,""lng"":112.00150349288418,""count"":1},"
4,"{""lat"":25.77668327360186,""lng"":113.02146049909462,""count"":1},"
5,"{""lat"":30.551600064658352,""lng"":114.34844073658718,""count"":1},"
6,"{""lat"":25.241698783543967,""lng"":110.18619487315159,""count"":1},"
7,"{""lat"":34.335476293368586,""lng"":108.71542245143304,""count"":1},"
8,"{""lat"":32.064652885618464,""lng"":118.80242172124584,""count"":1},"
9,"{""lat"":27.245270272808565,""lng"":111.474432885931,""count"":1},"
10,"{""lat"":25.241698783543967,""lng"":110.18619487315159,""count"":1},"
11,"{""lat"":28.11826999800937,""lng"":112.98960254334654,""count"":1},"
12,"{""lat"":28.234889399943643,""lng"":112.94547319535287,""count"":1},"
13,"{""lat"":21.693005289969395,""lng"":108.360418838298,""count"":1},"
14,"{""lat"":29.363178293925902,""lng"":113.13548942422142,""count"":1},"
15,"{""lat"":33.073799907833795,""lng"":107.02943020926465,""count"":1},"
16,"{""lat"":31.041732575569625,""lng"":112.20639298023,""count"":1},"
17,"{""lat"":27.833567639016447,""lng"":113.14047079776428,""count"":1},"
18,"{""lat"":27.664752547951164,""lng"":113.89369655407104,""count"":1},"
19,"{""lat"":28.68169051676075,""lng"":115.91542320365122,""count"":1},"
20,"{""lat"":28.317369104701186,""lng"":109.74557664946684,""count"":1},"
21,"{""lat"":30.924526261070234,""lng"":113.96346265773937,""count"":1},"
22,"{""lat"":30.59846673640099,""lng"":114.3115815547323,""count"":1},"
23,"{""lat"":29.037749999406877,""lng"":111.70545217995836,""count"":1},"
24,"{""lat"":23.48274528113516,""lng"":111.28551681182014,""count"":1},"
25,"{""lat"":24.294177532206213,""lng"":116.1295373761225,""count"":1},"
26,"{""lat"":31.734294156317464,""lng"":117.33054041771959,""count"":1},"
27,"{""lat"":27.57516090297852,""lng"":110.00851426537254,""count"":1},"
28,"{""lat"":26.589702969826032,""lng"":107.98944624077879,""count"":1},"
29,"{""lat"":24.698911731272894,""lng"":108.0914999449866,""count"":1},"
30,"{""lat"":28.55971117848989,""lng"":112.36151595471031,""count"":1},"
31,"{""lat"":37.862360847859385,""lng"":113.58761666287546,""count"":1},"
32,"{""lat"":31.629002428816317,""lng"":117.89557620044563,""count"":1},"
33,"{""lat"":30.53095656804304,""lng"":117.0636039049188,""count"":1},"
34,"{""lat"":32.40067693609037,""lng"":119.41941890822996,""count"":1},"
35,"{""lat"":30.67088379076453,""lng"":117.49842096159624,""count"":1},"
36,"{""lat"":45.14740419341382,""lng"":124.83148187569292,""count"":1},"
37,"{""lat"":30.2052078489416,""lng"":115.0455329089436,""count"":1},"
38,"{""lat"":38.24569687459607,""lng"":116.7421971104011,""count"":1},"
39,"{""lat"":21.276723439012073,""lng"":110.36555441392824,""count"":1},"
40,"{""lat"":33.64308357526441,""lng"":114.70798266610609,""count"":1},"
41,"{""lat"":26.604029544994926,""lng"":106.71447593088577,""count"":1},"
42,"{""lat"":34.368915642869986,""lng"":107.24457536704041,""count"":1},"
43,"{""lat"":21.66906403133209,""lng"":110.931542579969,""count"":1},"
44,"{""lat"":33.63815042476756,""lng"":119.04142174116129,""count"":1},"
45,"{""lat"":32.26127087204081,""lng"":118.3394061359658,""count"":1},"
46,"{""lat"":30.253082981693467,""lng"":120.2155118037217,""count"":1},"
47,"{""lat"":36.712651551267534,""lng"":119.16837791142822,""count"":1},"
48,"{""lat"":30.57754314701533,""lng"":104.07346654728391,""count"":1},"
49,"{""lat"":38.0483119268727,""lng"":114.52153190157443,""count"":1},"
50,"{""lat"":34.04143161161871,""lng"":113.85847553685501,""count"":1},"
51,"{""lat"":23.02730841164339,""lng"":113.7584204578765,""count"":1},"
52,"{""lat"":39.09110259843554,""lng"":117.2080927529767,""count"":1},"
53,"{""lat"":28.68169051676075,""lng"":115.91542320365122,""count"":1},"
54,"{""lat"":23.052888771125613,""lng"":112.47148894063037,""count"":1},"
55,"{""lat"":26.227682089778906,""lng"":111.63750237493394,""count"":1},"
56,"{""lat"":29.568996245338926,""lng"":106.55843415537664,""count"":1},"
57,"{""lat"":37.076685950966095,""lng"":114.5114622561298,""count"":1},"
58,"{""lat"":38.04320164520046,""lng"":114.53659630531568,""count"":1},"
59,"{""lat"":27.290215083425952,""lng"":105.2985887950112,""count"":1},"
60,"{""lat"":30.340842107742912,""lng"":112.24552262926136,""count"":1},"
61,"{""lat"":24.815881278583017,""lng"":113.6035273456226,""count"":1},"
62,"{""lat"":35.032706912909234,""lng"":111.01338945447924,""count"":1},"
63,"{""lat"":35.420177394529645,""lng"":116.59361234853986,""count"":1},"
64,"{""lat"":34.62426277921943,""lng"":112.4594212983115,""count"":1},"
65,"{""lat"":42.82582436811265,""lng"":93.52121554028506,""count"":1},"
66,"{""lat"":31.473663048745863,""lng"":104.6855618607612,""count"":1},"
67,"{""lat"":29.659487879830753,""lng"":91.17845425628477,""count"":1},"
68,"{""lat"":39.88624710609514,""lng"":116.37749100216642,""count"":1},"
69,"{""lat"":43.83076320429048,""lng"":87.62443993536046,""count"":1},"
70,"{""lat"":40.957856012338034,""lng"":117.9693975099668,""count"":1},"
71,"{""lat"":35.586832926561875,""lng"":104.63242008306301,""count"":1},"
72,"{""lat"":33.5877107071022,""lng"":114.02342077764726,""count"":1},"
73,"{""lat"":25.82370741765775,""lng"":98.8632883813579,""count"":1},"
74,"{""lat"":32.15301454753105,""lng"":114.09748283304512,""count"":1},"
75,"{""lat"":27.954892253419565,""lng"":116.36453876864373,""count"":1},"
76,"{""lat"":30.301037143741258,""lng"":109.48655026900529,""count"":1},"
77,"{""lat"":34.212666550113056,""lng"":117.29057543439451,""count"":1},"
78,"{""lat"":26.59883310825749,""lng"":104.8375546023468,""count"":1},"
79,"{""lat"":26.653324822309752,""lng"":106.63657676352777,""count"":1},"
80,"{""lat"":28.68945529506072,""lng"":115.86458944231659,""count"":1},"
81,"{""lat"":23.135336306695013,""lng"":113.27143134445974,""count"":1},"
82,"{""lat"":37.87982942385603,""lng"":112.56937550968271,""count"":1},"
83,"{""lat"":30.697446484492374,""lng"":111.29254921035435,""count"":1},"
84,"{""lat"":25.05156226734487,""lng"":102.71641607523223,""count"":1},"
85,"{""lat"":33.01784241674367,""lng"":114.02847078173271,""count"":1},"
86,"{""lat"":29.274247711040953,""lng"":117.1845764463858,""count"":1},"
87,"{""lat"":27.82357869778859,""lng"":114.9235346513963,""count"":1},"
88,"{""lat"":28.46062592185173,""lng"":117.94945960312224,""count"":1},"
89,"{""lat"":34.802885811211716,""lng"":114.3145925849712,""count"":1},"
90,"{""lat"":22.548456637984177,""lng"":114.06455183658753,""count"":1},"
91,"{""lat"":29.666660847999452,""lng"":115.96066124030493,""count"":1},"
92,"{""lat"":23.555740488275585,""lng"":116.37851218033846,""count"":1},"
93,"{""lat"":37.87698902884778,""lng"":112.55639149167204,""count"":1},"
94,"{""lat"":35.30963993033679,""lng"":113.93360046733228,""count"":1},"
95,"{""lat"":34.75343885045448,""lng"":113.63141920733915,""count"":1},"
96,"{""lat"":33.77205074869101,""lng"":113.19952856052157,""count"":1},"
97,"{""lat"":42.261686103411606,""lng"":118.89552039751949,""count"":1},"
98,"{""lat"":36.674856650404905,""lng"":117.02744162847857,""count"":1},"
99,"{""lat"":30.036369311306895,""lng"":120.58547847885336,""count"":1},"
100,"{""lat"":46.80568999085779,""lng"":130.327359092573,""count"":1},"
101,"{""lat"":31.23592904225201,""lng"":121.48053886017652,""count"":1},"
102,"{""lat"":24.331961386852413,""lng"":109.43442194634564,""count"":1},"
103,"{""lat"":34.81599404843511,""lng"":117.33054194483896,""count"":1},"
104,"{""lat"":29.58588653832045,""lng"":105.06458802499719,""count"":1},"
105,"{""lat"":36.06546488736762,""lng"":103.83247812812212,""count"":1},"
106,"{""lat"":23.391944131908,""lng"":104.23854382746464,""count"":1},"
107,"{""lat"":32.44161630531542,""lng"":105.85042318166481,""count"":1},"
108,"{""lat"":35.22096325403899,""lng"":113.24854783457334,""count"":1},"
109,"{""lat"":30.94660154529291,""lng"":118.76553424276743,""count"":1},"
110,"{""lat"":28.975545802265025,""lng"":118.86659674035565,""count"":1},"
111,"{""lat"":34.58741188165064,""lng"":105.73141674566955,""count"":1},"
112,"{""lat"":25.459865455922714,""lng"":119.01452097812651,""count"":1},"
113,"{""lat"":29.84705594764649,""lng"":114.32851909026844,""count"":1},"
114,"{""lat"":30.84378250833704,""lng"":106.11750261487228,""count"":1},"
115,"{""lat"":47.850727870101956,""lng"":88.14792620373525,""count"":1},"
116,"{""lat"":34.778327249459984,""lng"":111.20653322387409,""count"":1},"
117,"{""lat"":45.54837043664955,""lng"":120.92472246699802,""count"":1},"
118,"{""lat"":40.848422997113474,""lng"":111.75550856170946,""count"":1},"
119,"{""lat"":41.733815801613424,""lng"":125.94660627598029,""count"":1},"
120,"{""lat"":40.10278300185957,""lng"":113.3733624445045,""count"":1},"
121,"{""lat"":28.87766830360723,""lng"":105.4485240693266,""count"":1},"
122,"{""lat"":35.7523574114,""lng"":114.30359364247649,""count"":1},"
123,"{""lat"":26.260616196073837,""lng"":107.5284027057371,""count"":1},"
124,"{""lat"":23.688230292088083,""lng"":113.06246832527266,""count"":1},"
125,"{""lat"":23.02775875078891,""lng"":113.1285121954972,""count"":1},"
126,"{""lat"":36.62338469651661,""lng"":101.78445017050856,""count"":1},"
127,"{""lat"":26.604029544994926,""lng"":106.71447593088577,""count"":1},"
128,"{""lat"":25.051773565340376,""lng"":101.53441248050268,""count"":1},"
129,"{""lat"":30.57899372402997,""lng"":104.07274727406208,""count"":1},"
130,"{""lat"":34.34726881662395,""lng"":108.94646555063274,""count"":1},"
131,"{""lat"":29.34558492132757,""lng"":104.78444884671713,""count"":1},"
132,"{""lat"":22.79126303654673,""lng"":115.38155260365083,""count"":1},"
133,"{""lat"":31.133115003656755,""lng"":104.40441936496448,""count"":1},"
134,"{""lat"":24.87995233049832,""lng"":118.68244626680422,""count"":1},"
135,"{""lat"":46.6600321798244,""lng"":126.9753568753013,""count"":1},"
136,"{""lat"":31.734294156317464,""lng"":117.33054041771959,""count"":1},"
137,"{""lat"":40.63070304275062,""lng"":122.2257988027918,""count"":1},"
138,"{""lat"":23.74968437095975,""lng"":114.7074462729064,""count"":1},"
139,"{""lat"":22.821268997908664,""lng"":108.3345212294372,""count"":1},"
140,"{""lat"":32.63506185840116,""lng"":110.80452956069568,""count"":1},"
141,"{""lat"":30.551600064658352,""lng"":114.34844073658718,""count"":1},"
142,"{""lat"":30.539097671109122,""lng"":105.59942153064439,""count"":1},"
143,"{""lat"":30.951233239913392,""lng"":117.8184767944575,""count"":1},"
144,"{""lat"":38.879987768455344,""lng"":115.47146383768579,""count"":1},"
145,"{""lat"":40.823156232446166,""lng"":111.77260583081976,""count"":1},"
146,"{""lat"":36.093741895419726,""lng"":111.52553022403072,""count"":1},"
147,"{""lat"":39.63658372414733,""lng"":118.1864594720398,""count"":1},"
148,"{""lat"":40.823156232446166,""lng"":111.77260583081976,""count"":1},"
149,"{""lat"":27.389104987898516,""lng"":118.08735102597768,""count"":1},"
150,"{""lat"":29.53881256766016,""lng"":108.77759119834957,""count"":1},"
151,"{""lat"":30.57754314701533,""lng"":104.07346654728391,""count"":1},"
152,"{""lat"":26.08042942069808,""lng"":119.30346983854,""count"":1},"
153,"{""lat"":45.96833752464142,""lng"":126.85721568717257,""count"":1},"
154,"{""lat"":43.93942266533856,""lng"":116.05439144074572,""count"":1},"
155,"{""lat"":41.579820864755675,""lng"":120.45749949793276,""count"":1},"
156,"{""lat"":31.676265597609106,""lng"":118.5135795794315,""count"":1},"
157,"{""lat"":36.06546488736762,""lng"":103.83247812812212,""count"":1},"
158,"{""lat"":28.001085404472214,""lng"":120.70647689035565,""count"":1},"
159,"{""lat"":39.91092454729957,""lng"":116.4133836971231,""count"":1},"
160,"{""lat"":44.016854159919866,""lng"":87.3150016244744,""count"":1},"
161,"{""lat"":21.48683649576942,""lng"":109.12653321256599,""count"":1},"
162,"{""lat"":38.290883835484046,""lng"":109.74161603381395,""count"":1},"
163,"{""lat"":37.745191408077424,""lng"":115.6754061376161,""count"":1},"
164,"{""lat"":31.202393360554012,""lng"":107.51841059666616,""count"":1},"
165,"{""lat"":32.19471592052375,""lng"":119.43048944567384,""count"":1},"
166,"{""lat"":32.921523704350825,""lng"":117.39551332813694,""count"":1},"
167,"{""lat"":40.7732372026915,""lng"":114.89257223145165,""count"":1},"
168,"{""lat"":36.631262731204046,""lng"":114.5456282282352,""count"":1},"
169,"{""lat"":27.88775230036972,""lng"":102.27350268097021,""count"":1},"
170,"{""lat"":36.674856650404905,""lng"":117.02744162847857,""count"":1},"
171,"{""lat"":41.770287330450394,""lng"":86.15171386533258,""count"":1},"
172,"{""lat"":25.05156226734487,""lng"":102.71641607523223,""count"":1},"
173,"{""lat"":23.369996247605464,""lng"":103.3815490525793,""count"":1},"
174,"{""lat"":18.25873629174785,""lng"":109.51855670139908,""count"":1},"
175,"{""lat"":31.986549431200892,""lng"":120.90159173866184,""count"":1},"
176,"{""lat"":36.06723469354557,""lng"":103.84052119633628,""count"":1},"
177,"{""lat"":37.516430548014796,""lng"":122.12754097831323,""count"":1},"
178,"{""lat"":45.80882582795218,""lng"":126.54161509031664,""count"":1},"
179,"{""lat"":36.674856650404905,""lng"":117.02744162847857,""count"":1},"
180,"{""lat"":45.300872317823895,""lng"":130.97561865876668,""count"":1},"
181,"{""lat"":25.08121984487168,""lng"":117.02344756677536,""count"":1},"
182,"{""lat"":25.093967349416513,""lng"":104.91249214626991,""count"":1},"
183,"{""lat"":41.492916460552905,""lng"":123.69250712420832,""count"":1},"
184,"{""lat"":43.82195350104314,""lng"":125.33060207590691,""count"":1},"
185,"{""lat"":39.91092454729957,""lng"":116.4133836971231,""count"":1},"
186,"{""lat"":22.659830509953146,""lng"":110.1884531233724,""count"":1},"
187,"{""lat"":24.331961386852413,""lng"":109.43442194634564,""count"":1},"
188,"{""lat"":21.864339726138937,""lng"":111.98848929181268,""count"":1},"
189,"{""lat"":25.83517610349765,""lng"":114.9405033729825,""count"":1},"
190,"{""lat"":36.06546488736762,""lng"":103.83247812812212,""count"":1},"
191,"{""lat"":40.823156232446166,""lng"":111.77260583081976,""count"":1},"
192,"{""lat"":46.59363317672175,""lng"":125.1086576340204,""count"":1},"
193,"{""lat"":31.358536655799266,""lng"":118.43943137653523,""count"":1},"
194,"{""lat"":37.12044646304192,""lng"":79.9285070635119,""count"":1},"
195,"{""lat"":28.131986007185745,""lng"":121.00542622668623,""count"":1},"
196,"{""lat"":34.60224952526725,""lng"":119.22862133316609,""count"":1},"
197,"{""lat"":34.4202016658586,""lng"":115.66244933826236,""count"":1},"
198,"{""lat"":31.30356407444177,""lng"":120.59241222959322,""count"":1},"
199,"{""lat"":41.27416129045421,""lng"":123.24336640651319,""count"":1},"
200,"{""lat"":43.84356783457924,""lng"":126.55563450495481,""count"":1},"
201,"{""lat"":46.088463713218964,""lng"":122.0443645258252,""count"":1},"
202,"{""lat"":47.35605615768509,""lng"":130.3044328986694,""count"":1},"
203,"{""lat"":44.55624570898632,""lng"":129.63953977834691,""count"":1},"
204,"{""lat"":29.55794071745811,""lng"":103.7725376036347,""count"":1},"
205,"{""lat"":29.86606812406965,""lng"":121.63084278185605,""count"":1},"
206,"{""lat"":38.918953666785605,""lng"":121.62163148459284,""count"":1},"
207,"{""lat"":36.07222749666322,""lng"":120.38945519114628,""count"":1},"
208,"{""lat"":34.27580800602361,""lng"":108.96039314875112,""count"":1},"
209,"{""lat"":24.51892979117087,""lng"":117.65357645298785,""count"":1},"
210,"{""lat"":26.25925237871499,""lng"":105.95441712388904,""count"":1},"
211,"{""lat"":39.09110259843554,""lng"":117.2080927529767,""count"":1},"
212,"{""lat"":31.82657783368689,""lng"":117.23344266497664,""count"":1},"
213,"{""lat"":22.27656465424921,""lng"":113.58255478654918,""count"":1},"
214,"{""lat"":33.3551009176262,""lng"":120.167544265761,""count"":1},"
215,"{""lat"":28.473278180563412,""lng"":119.9295730584414,""count"":1},"
216,"{""lat"":31.872888585956545,""lng"":106.7515853031645,""count"":1},"
217,"{""lat"":30.39657217331699,""lng"":114.901607388271,""count"":1},"
218,"{""lat"":29.655702997622967,""lng"":91.1362320108882,""count"":1},"
219,"{""lat"":37.47003838373053,""lng"":121.45441541730196,""count"":1},"
220,"{""lat"":25.6121284181925,""lng"":100.27458284048366,""count"":1},"
221,"{""lat"":31.815795653327843,""lng"":119.98148471327892,""count"":1},"
222,"{""lat"":36.55082533041454,""lng"":104.14445082834351,""count"":1},"
223,"{""lat"":39.89472719832739,""lng"":119.5259671942601,""count"":1},"
224,"{""lat"":38.93206600700493,""lng"":100.45641147405634,""count"":1},"
225,"{""lat"":22.584603880965,""lng"":113.08855619524044,""count"":1},"
226,"{""lat"":23.116358854725593,""lng"":114.42355801658171,""count"":1},"
227,"{""lat"":37.382750462527454,""lng"":97.37629911601906,""count"":1},"
228,"{""lat"":36.10594098401491,""lng"":114.3995004217743,""count"":1},"
229,"{""lat"":23.48274528113516,""lng"":111.28551681182014,""count"":1},"
230,"{""lat"":42.22994799718447,""lng"":123.73236520917769,""count"":1},"
231,"{""lat"":35.49628458647257,""lng"":112.85857823132879,""count"":1},"
232,"{""lat"":37.87982942385603,""lng"":112.56937550968271,""count"":1},"
233,"{""lat"":35.42283899843767,""lng"":119.53341540456556,""count"":1},"
234,"{""lat"":31.23592904225201,""lng"":121.48053886017652,""count"":1},"
235,"{""lat"":30.750974830920143,""lng"":120.76355182586005,""count"":1},"
236,"{""lat"":41.885969593056934,""lng"":123.96437461561449,""count"":1},"
237,"{""lat"":36.81908568332188,""lng"":118.06145253489895,""count"":1},"
238,"{""lat"":29.084639385513697,""lng"":119.65343619052915,""count"":1},"
239,"{""lat"":23.90818593429596,""lng"":106.62458932565384,""count"":1},"
240,"{""lat"":39.337108370541735,""lng"":112.4393709396677,""count"":1},"
241,"{""lat"":18.25873629174785,""lng"":109.51855670139908,""count"":1},"
242,"{""lat"":31.905511577266523,""lng"":102.2314154617502,""count"":1},"
243,"{""lat"":36.02161725801098,""lng"":106.24857742607188,""count"":1},"
244,"{""lat"":30.491853733629927,""lng"":103.89070305737907,""count"":1},"
245,"{""lat"":29.721889786591692,""lng"":118.3454372531478,""count"":1},"
246,"{""lat"":28.662194055996146,""lng"":121.42743470427969,""count"":1},"
247,"{""lat"":25.05156226734487,""lng"":102.71641607523223,""count"":1},"
248,"{""lat"":36.2012683721548,""lng"":113.12255886984902,""count"":1},"
249,"{""lat"":26.67224171140857,""lng"":119.55451074542827,""count"":1},"
250,"{""lat"":25.05156226734487,""lng"":102.71641607523223,""count"":1},"
251,"{""lat"":50.420025955027846,""lng"":124.15292785448057,""count"":1},"
252,"{""lat"":20.052113086180366,""lng"":110.2067198964201,""count"":1},"
253,"{""lat"":35.715215983562004,""lng"":107.64938569595421,""count"":1},"
254,"{""lat"":37.87982942385603,""lng"":112.56937550968271,""count"":1},"
255,"{""lat"":35.76759302890629,""lng"":115.03559747034215,""count"":1},"
256,"{""lat"":29.70927819797873,""lng"":107.39641979754104,""count"":1},"
257,"{""lat"":22.5223146707905,""lng"":113.39942236263187,""count"":1},"
258,"{""lat"":36.06546488736762,""lng"":103.83247812812212,""count"":1},"
259,"{""lat"":47.3599771860153,""lng"":123.92457086841536,""count"":1},"
260,"{""lat"":41.10093149946208,""lng"":121.13259630055519,""count"":1},"
261,"{""lat"":26.26973651599184,""lng"":117.64552116782144,""count"":1},"
262,"{""lat"":28.265787063191414,""lng"":117.0755754270272,""count"":1},"
263,"{""lat"":36.2058580448846,""lng"":117.09449483479591,""count"":1},"
264,"{""lat"":41.84146525120185,""lng"":123.43559785683209,""count"":1},"
265,"{""lat"":42.89405500574631,""lng"":125.15042516688749,""count"":1},"
266,"{""lat"":45.77630032154785,""lng"":131.01154459102744,""count"":1},"
267,"{""lat"":43.171993571561,""lng"":124.35648155715893,""count"":1},"
268,"{""lat"":40.66292878826139,""lng"":109.84654350721243,""count"":1},"
269,"{""lat"":45.62550435999602,""lng"":122.8455906084976,""count"":1},"
270,"{""lat"":22.822606601187157,""lng"":108.3734508258186,""count"":1},"
271,"{""lat"":40.72579099974712,""lng"":122.1771181899173,""count"":1},"
272,"{""lat"":23.35909171772515,""lng"":116.6885286405483,""count"":1},"
273,"{""lat"":34.27580800602361,""lng"":108.96039314875112,""count"":1},"
274,"{""lat"":32.63184739905333,""lng"":117.00638885071615,""count"":1},"
275,"{""lat"":29.99091168016034,""lng"":122.21355631852043,""count"":1},"
276,"{""lat"":46.65318589588607,""lng"":131.16534168078073,""count"":1},"
277,"{""lat"":26.58803317333301,""lng"":101.7255411709144,""count"":1},"
278,"{""lat"":40.00640870559368,""lng"":124.3615472815908,""count"":1},"
279,"{""lat"":41.683830069190655,""lng"":123.47109664482264,""count"":1},"
280,"{""lat"":43.79923810128996,""lng"":87.63347320573824,""count"":1},"
281,"{""lat"":30.331698876836928,""lng"":112.25861327613607,""count"":1},"
